<?xml version="1.0" encoding="UTF-8" standalone="yes"?>
<manifest>
  <control namespace="IT" constructor="GuageChart" version="0.0.1" display-name-key="GuageChart" description-key="GuageChart description" control-type="standard" api-version="1.3.15">
    <external-service-usage enabled="false"/>
    <data-set name="sampleDataSet" display-name-key="Dataset_Display_Key"/>
    <property name="nrOfLevels" display-name-key="No of levels" description-key="No of levels" of-type="Decimal" usage="input" required="true" default-value="10"/>
    <property name="arcWidth" display-name-key="Arc Width" description-key="Arc Width" of-type="Decimal" usage="input" required="true" default-value="0.1"/>
    <property name="percent" display-name-key="Percent" description-key="Percent" of-type="Decimal" usage="input" required="true" default-value="0.37"/>
    <property name="animDelay" display-name-key="Anim Delay" description-key="Anim Delay" of-type="Decimal" usage="input" required="true" default-value="0.5"/>
    <property name="textColor" display-name-key="Text Color" description-key="Text Color" of-type="SingleLine.Text" usage="input" required="true" default-value="#434343"/>
    <property name="needleColor" display-name-key="Needle Color" description-key="Needle Color" of-type="SingleLine.Text" usage="input" required="true" default-value="#345243"/>
    <property name="needleBaseColor" display-name-key="Needle Base Color" description-key="Needle Base Color" of-type="SingleLine.Text" usage="input" required="true" default-value="#345243"/>
    <property name="fontSize" display-name-key="Font Size" description-key="Font Size" of-type="SingleLine.Text" usage="input" required="true" default-value="16px"/>
    <property name="arcPadding" display-name-key="Arc Padding" description-key="Arc Padding" of-type="Decimal" usage="input" required="true" default-value="0.08"/>
    <property name="animateDuration" display-name-key="Animation Duration" description-key="Animation Duration" of-type="Decimal" usage="input" required="true" default-value="4000"/>
    <resources>
      <code path="bundle.js" order="1"/>
      <css path="css/GuageChart.css" order="1"/>
    </resources>
    <built-by name="pac" version="1.34.3"/>
  </control>
</manifest>